CUSIP,PricingSide,OrderId,OrderType,Price,VisibleQuantity,HiddenQuantity,ParentOrderId,IsChildOrder
9128283H1,0,Order_1,2,100.691,10000000,0,,0
9128283H1,1,Order_2,2,100.043,10000000,0,,0
9128283H1,0,Order_3,2,99.9648,10000000,0,,0
9128283H1,1,Order_4,2,99.1523,10000000,0,,0
9128283H1,0,Order_5,2,100.684,10000000,0,,0
9128283H1,1,Order_6,2,100.93,10000000,0,,0
9128283H1,0,Order_7,2,99.2109,10000000,0,,0
9128283H1,1,Order_8,2,100.977,10000000,0,,0
9128283H1,0,Order_9,2,99.5664,10000000,0,,0
9128283H1,1,Order_10,2,99.5859,10000000,0,,0
9128283H1,0,Order_11,2,100.93,10000000,0,,0
9128283H1,1,Order_12,2,100.418,10000000,0,,0
9128283H1,0,Order_13,2,99.6719,10000000,0,,0
9128283H1,1,Order_14,2,99.0195,10000000,0,,0
9128283H1,0,Order_15,2,100.211,10000000,0,,0
9128283H1,1,Order_16,2,100.742,10000000,0,,0
9128283H1,0,Order_17,2,99.6367,10000000,0,,0
9128283H1,1,Order_18,2,100.48,10000000,0,,0
9128283H1,0,Order_19,2,100.477,10000000,0,,0
9128283H1,1,Order_20,2,100.617,10000000,0,,0
9128283H1,0,Order_21,2,100.223,10000000,0,,0
9128283H1,1,Order_22,2,99.9844,10000000,0,,0
9128283H1,0,Order_23,2,99.1719,10000000,0,,0
9128283H1,1,Order_24,2,99.8984,10000000,0,,0
9128283H1,0,Order_25,2,100.125,10000000,0,,0
9128283H1,1,Order_26,2,100.586,10000000,0,,0
9128283H1,0,Order_27,2,100.484,10000000,0,,0
9128283H1,1,Order_28,2,99.6289,10000000,0,,0
9128283H1,0,Order_29,2,99.5039,10000000,0,,0
9128283H1,1,Order_30,2,100.172,10000000,0,,0
9128283H1,0,Order_31,2,100.133,10000000,0,,0
9128283H1,1,Order_32,2,100.777,10000000,0,,0
9128283H1,0,Order_33,2,99.8945,10000000,0,,0
9128283H1,1,Order_34,2,99.3047,10000000,0,,0
9128283H1,0,Order_35,2,100.621,10000000,0,,0
9128283H1,1,Order_36,2,100.445,10000000,0,,0
9128283H1,0,Order_37,2,100.25,10000000,0,,0
9128283H1,1,Order_38,2,99.0352,10000000,0,,0
9128283H1,0,Order_39,2,99.4141,10000000,0,,0
9128283H1,1,Order_40,2,99.0508,10000000,0,,0
9128283H1,0,Order_41,2,100.992,10000000,0,,0
9128283H1,1,Order_42,2,99.3359,10000000,0,,0
9128283H1,0,Order_43,2,100.445,10000000,0,,0
9128283H1,1,Order_44,2,100.629,10000000,0,,0
9128283H1,0,Order_45,2,100.051,10000000,0,,0
9128283H1,1,Order_46,2,100.125,10000000,0,,0
9128283H1,0,Order_47,2,99.4766,10000000,0,,0
9128283H1,1,Order_48,2,99.1328,10000000,0,,0
9128283H1,0,Order_49,2,100.316,10000000,0,,0
9128283H1,1,Order_50,2,100.559,10000000,0,,0
9128283H1,0,Order_51,2,100.508,10000000,0,,0
9128283H1,1,Order_52,2,100.898,10000000,0,,0
9128283H1,0,Order_53,2,99.3359,10000000,0,,0
9128283H1,1,Order_54,2,99.3906,10000000,0,,0
9128283H1,0,Order_55,2,99.6328,10000000,0,,0
9128283H1,1,Order_56,2,99.1367,10000000,0,,0
9128283H1,0,Order_57,2,99.543,10000000,0,,0
9128283H1,1,Order_58,2,100.047,10000000,0,,0
9128283H1,0,Order_59,2,100.336,10000000,0,,0
9128283H1,1,Order_60,2,100.688,10000000,0,,0
9128283H1,0,Order_61,2,99.6602,10000000,0,,0
9128283H1,1,Order_62,2,100.219,10000000,0,,0
9128283H1,0,Order_63,2,100.867,10000000,0,,0
9128283H1,1,Order_64,2,100.469,10000000,0,,0
9128283H1,0,Order_65,2,100.809,10000000,0,,0
9128283H1,1,Order_66,2,99.9648,10000000,0,,0
9128283H1,0,Order_67,2,100.418,10000000,0,,0
9128283H1,1,Order_68,2,99.2344,10000000,0,,0
9128283H1,0,Order_69,2,99.6133,10000000,0,,0
9128283H1,1,Order_70,2,100.324,10000000,0,,0
9128283H1,0,Order_71,2,99.1016,10000000,0,,0
9128283H1,1,Order_72,2,99.1992,10000000,0,,0
9128283H1,0,Order_73,2,100.07,10000000,0,,0
9128283H1,1,Order_74,2,99.0977,10000000,0,,0
9128283H1,0,Order_75,2,99.2305,10000000,0,,0
9128283H1,1,Order_76,2,100.285,10000000,0,,0
9128283H1,0,Order_77,2,99.6719,10000000,0,,0
9128283H1,1,Order_78,2,100.727,10000000,0,,0
9128283H1,0,Order_79,2,99.5469,10000000,0,,0
9128283H1,1,Order_80,2,99.2539,10000000,0,,0
9128283H1,0,Order_81,2,100.527,10000000,0,,0
9128283H1,1,Order_82,2,99.4219,10000000,0,,0
9128283H1,0,Order_83,2,99.7852,10000000,0,,0
9128283H1,1,Order_84,2,99.3867,10000000,0,,0
9128283H1,0,Order_85,2,100.199,10000000,0,,0
9128283H1,1,Order_86,2,100.875,10000000,0,,0
9128283H1,0,Order_87,2,100.969,10000000,0,,0
9128283H1,1,Order_88,2,100.141,10000000,0,,0
9128283H1,0,Order_89,2,99.5039,10000000,0,,0
9128283H1,1,Order_90,2,100.41,10000000,0,,0
9128283H1,0,Order_91,2,99.5898,10000000,0,,0
9128283H1,1,Order_92,2,99.9648,10000000,0,,0
9128283H1,0,Order_93,2,100.836,10000000,0,,0
9128283H1,1,Order_94,2,100.93,10000000,0,,0
9128283H1,0,Order_95,2,100.66,10000000,0,,0
9128283H1,1,Order_96,2,99.5859,10000000,0,,0
9128283H1,0,Order_97,2,100.434,10000000,0,,0
9128283H1,1,Order_98,2,99.9883,10000000,0,,0
9128283H1,0,Order_99,2,100.844,10000000,0,,0
9128283H1,1,Order_100,2,100.496,10000000,0,,0
9128283H1,0,Order_101,2,98.9961,10000000,0,,0
9128283H1,1,Order_102,2,100.438,10000000,0,,0
9128283H1,0,Order_103,2,100.293,10000000,0,,0
9128283H1,1,Order_104,2,100.605,10000000,0,,0
9128283H1,0,Order_105,2,100.156,10000000,0,,0
9128283H1,1,Order_106,2,99.1758,10000000,0,,0
9128283H1,0,Order_107,2,100.172,10000000,0,,0
9128283H1,1,Order_108,2,100.984,10000000,0,,0
9128283H1,0,Order_109,2,100.523,10000000,0,,0
9128283H1,1,Order_110,2,99.1719,10000000,0,,0
9128283H1,0,Order_111,2,99.5312,10000000,0,,0
9128283H1,1,Order_112,2,100.957,10000000,0,,0
9128283H1,0,Order_113,2,100.266,10000000,0,,0
9128283H1,1,Order_114,2,100.945,10000000,0,,0
9128283H1,0,Order_115,2,99.293,10000000,0,,0
9128283H1,1,Order_116,2,100.422,10000000,0,,0
9128283H1,0,Order_117,2,100.156,10000000,0,,0
9128283H1,1,Order_118,2,99.3867,10000000,0,,0
9128283H1,0,Order_119,2,99.4297,10000000,0,,0
9128283H1,1,Order_120,2,100.746,10000000,0,,0
9128283H1,0,Order_121,2,100.098,10000000,0,,0
9128283H1,1,Order_122,2,99.5,10000000,0,,0
9128283H1,0,Order_123,2,99.3047,10000000,0,,0
9128283H1,1,Order_124,2,100.523,10000000,0,,0
9128283H1,0,Order_125,2,99.5234,10000000,0,,0
9128283H1,1,Order_126,2,99.168,10000000,0,,0
9128283H1,0,Order_127,2,99.6055,10000000,0,,0
9128283H1,1,Order_128,2,99.2344,10000000,0,,0
9128283H1,0,Order_129,2,100.246,10000000,0,,0
9128283H1,1,Order_130,2,100.23,10000000,0,,0
9128283H1,0,Order_131,2,100.633,10000000,0,,0
9128283H1,1,Order_132,2,100.668,10000000,0,,0
9128283H1,0,Order_133,2,99.3203,10000000,0,,0
9128283H1,1,Order_134,2,100.129,10000000,0,,0
9128283H1,0,Order_135,2,99.1914,10000000,0,,0
9128283H1,1,Order_136,2,100.488,10000000,0,,0
9128283H1,0,Order_137,2,100.703,10000000,0,,0
9128283H1,1,Order_138,2,100.367,10000000,0,,0
9128283H1,0,Order_139,2,100.152,10000000,0,,0
9128283H1,1,Order_140,2,100.656,10000000,0,,0
9128283H1,0,Order_141,2,100.137,10000000,0,,0
9128283H1,1,Order_142,2,99.7383,10000000,0,,0
9128283H1,0,Order_143,2,99.8672,10000000,0,,0
9128283H1,1,Order_144,2,99.9102,10000000,0,,0
9128283H1,0,Order_145,2,99.832,10000000,0,,0
9128283H1,1,Order_146,2,100.383,10000000,0,,0
9128283H1,0,Order_147,2,100.625,10000000,0,,0
9128283H1,1,Order_148,2,99.8438,10000000,0,,0
9128283H1,0,Order_149,2,100.594,10000000,0,,0
9128283H1,1,Order_150,2,99.8359,10000000,0,,0
9128283H1,0,Order_151,2,99.418,10000000,0,,0
9128283H1,1,Order_152,2,100.273,10000000,0,,0
9128283H1,0,Order_153,2,99.7188,10000000,0,,0
9128283H1,1,Order_154,2,100.25,10000000,0,,0
9128283H1,0,Order_155,2,99.0234,10000000,0,,0
9128283H1,1,Order_156,2,99.6562,10000000,0,,0
9128283H1,0,Order_157,2,99.957,10000000,0,,0
9128283H1,1,Order_158,2,100.605,10000000,0,,0
9128283H1,0,Order_159,2,99.3281,10000000,0,,0
9128283H1,1,Order_160,2,100.586,10000000,0,,0
9128283H1,0,Order_161,2,99.957,10000000,0,,0
9128283H1,1,Order_162,2,101,10000000,0,,0
9128283H1,0,Order_163,2,100.242,10000000,0,,0
9128283H1,1,Order_164,2,100.441,10000000,0,,0
9128283H1,0,Order_165,2,100.199,10000000,0,,0
9128283H1,1,Order_166,2,100.48,10000000,0,,0
9128283H1,0,Order_167,2,99.9531,10000000,0,,0
9128283L2,1,Order_168,2,99.707,10000000,0,,0
9128283L2,0,Order_169,2,100.5,10000000,0,,0
9128283L2,1,Order_170,2,100.871,10000000,0,,0
9128283L2,0,Order_171,2,99.6055,10000000,0,,0
9128283L2,1,Order_172,2,100.848,10000000,0,,0
9128283L2,0,Order_173,2,99.9531,10000000,0,,0
9128283L2,1,Order_174,2,99.1055,10000000,0,,0
9128283L2,0,Order_175,2,99.0625,10000000,0,,0
9128283L2,1,Order_176,2,100.285,10000000,0,,0
9128283L2,0,Order_177,2,99.3711,10000000,0,,0
9128283L2,1,Order_178,2,99.1445,10000000,0,,0
9128283L2,0,Order_179,2,99.1523,10000000,0,,0
9128283L2,1,Order_180,2,100.281,10000000,0,,0
9128283L2,0,Order_181,2,100.746,10000000,0,,0
9128283L2,1,Order_182,2,100.949,10000000,0,,0
9128283L2,0,Order_183,2,99.6758,10000000,0,,0
9128283L2,1,Order_184,2,99.3164,10000000,0,,0
9128283L2,0,Order_185,2,99.5352,10000000,0,,0
9128283L2,1,Order_186,2,100.914,10000000,0,,0
9128283L2,0,Order_187,2,100.594,10000000,0,,0
9128283L2,1,Order_188,2,100.219,10000000,0,,0
9128283L2,0,Order_189,2,100.137,10000000,0,,0
9128283L2,1,Order_190,2,99.9453,10000000,0,,0
9128283L2,0,Order_191,2,100.586,10000000,0,,0
9128283L2,1,Order_192,2,99.1133,10000000,0,,0
9128283L2,0,Order_193,2,100.547,10000000,0,,0
9128283L2,1,Order_194,2,100.723,10000000,0,,0
9128283L2,0,Order_195,2,99.043,10000000,0,,0
9128283L2,1,Order_196,2,99.0469,10000000,0,,0
9128283L2,0,Order_197,2,99.4648,10000000,0,,0
9128283L2,1,Order_198,2,100.363,10000000,0,,0
9128283L2,0,Order_199,2,99.2305,10000000,0,,0
9128283L2,1,Order_200,2,99.6211,10000000,0,,0
9128283L2,0,Order_201,2,100.156,10000000,0,,0
9128283L2,1,Order_202,2,99.4141,10000000,0,,0
9128283L2,0,Order_203,2,99.9727,10000000,0,,0
9128283L2,1,Order_204,2,99.3711,10000000,0,,0
9128283L2,0,Order_205,2,100.246,10000000,0,,0
9128283L2,1,Order_206,2,100.59,10000000,0,,0
9128283L2,0,Order_207,2,99.3086,10000000,0,,0
9128283L2,1,Order_208,2,100.539,10000000,0,,0
9128283L2,0,Order_209,2,99.832,10000000,0,,0
9128283L2,1,Order_210,2,99.6758,10000000,0,,0
9128283L2,0,Order_211,2,100.867,10000000,0,,0
9128283L2,1,Order_212,2,100.27,10000000,0,,0
9128283L2,0,Order_213,2,100.215,10000000,0,,0
9128283L2,1,Order_214,2,99.1602,10000000,0,,0
9128283L2,0,Order_215,2,99.543,10000000,0,,0
9128283L2,1,Order_216,2,99.0586,10000000,0,,0
9128283L2,0,Order_217,2,100.234,10000000,0,,0
9128283L2,1,Order_218,2,99.3477,10000000,0,,0
9128283L2,0,Order_219,2,100.32,10000000,0,,0
9128283L2,1,Order_220,2,100.562,10000000,0,,0
9128283L2,0,Order_221,2,99.6953,10000000,0,,0
9128283L2,1,Order_222,2,99.625,10000000,0,,0
9128283L2,0,Order_223,2,100.473,10000000,0,,0
9128283L2,1,Order_224,2,99.207,10000000,0,,0
9128283L2,0,Order_225,2,100.719,10000000,0,,0
9128283L2,1,Order_226,2,99.0312,10000000,0,,0
9128283L2,0,Order_227,2,99.9102,10000000,0,,0
9128283L2,1,Order_228,2,99.7695,10000000,0,,0
9128283L2,0,Order_229,2,100.996,10000000,0,,0
9128283L2,1,Order_230,2,100.418,10000000,0,,0
9128283L2,0,Order_231,2,99.793,10000000,0,,0
9128283L2,1,Order_232,2,100.566,10000000,0,,0
9128283L2,0,Order_233,2,99.4844,10000000,0,,0
9128283L2,1,Order_234,2,99.6445,10000000,0,,0
9128283L2,0,Order_235,2,100.059,10000000,0,,0
9128283L2,1,Order_236,2,100.234,10000000,0,,0
9128283L2,0,Order_237,2,100.281,10000000,0,,0
9128283L2,1,Order_238,2,100.859,10000000,0,,0
9128283L2,0,Order_239,2,100.527,10000000,0,,0
9128283L2,1,Order_240,2,100.684,10000000,0,,0
9128283L2,0,Order_241,2,100.922,10000000,0,,0
9128283L2,1,Order_242,2,99.8984,10000000,0,,0
9128283L2,0,Order_243,2,99.2383,10000000,0,,0
9128283L2,1,Order_244,2,100.777,10000000,0,,0
9128283L2,0,Order_245,2,100.543,10000000,0,,0
9128283L2,1,Order_246,2,100.473,10000000,0,,0
9128283L2,0,Order_247,2,100.102,10000000,0,,0
9128283L2,1,Order_248,2,99.8633,10000000,0,,0
9128283L2,0,Order_249,2,99.5234,10000000,0,,0
9128283L2,1,Order_250,2,99.1367,10000000,0,,0
9128283L2,0,Order_251,2,100.328,10000000,0,,0
9128283L2,1,Order_252,2,99.7383,10000000,0,,0
9128283L2,0,Order_253,2,100.16,10000000,0,,0
9128283L2,1,Order_254,2,99.1328,10000000,0,,0
9128283L2,0,Order_255,2,100.957,10000000,0,,0
9128283L2,1,Order_256,2,100.379,10000000,0,,0
9128283L2,0,Order_257,2,99.6289,10000000,0,,0
9128283L2,1,Order_258,2,99.7578,10000000,0,,0
9128283L2,0,Order_259,2,100.719,10000000,0,,0
9128283L2,1,Order_260,2,99.9805,10000000,0,,0
9128283L2,0,Order_261,2,100.34,10000000,0,,0
9128283L2,1,Order_262,2,99.6211,10000000,0,,0
9128283L2,0,Order_263,2,99.582,10000000,0,,0
9128283L2,1,Order_264,2,100.32,10000000,0,,0
9128283L2,0,Order_265,2,99.957,10000000,0,,0
9128283L2,1,Order_266,2,99.6328,10000000,0,,0
9128283L2,0,Order_267,2,99.707,10000000,0,,0
9128283L2,1,Order_268,2,99.1289,10000000,0,,0
9128283L2,0,Order_269,2,99.5469,10000000,0,,0
9128283L2,1,Order_270,2,100.453,10000000,0,,0
9128283L2,0,Order_271,2,100.176,10000000,0,,0
9128283L2,1,Order_272,2,100.574,10000000,0,,0
9128283L2,0,Order_273,2,100.391,10000000,0,,0
9128283L2,1,Order_274,2,99.3984,10000000,0,,0
9128283L2,0,Order_275,2,99.6016,10000000,0,,0
9128283L2,1,Order_276,2,99.0273,10000000,0,,0
9128283L2,0,Order_277,2,100.574,10000000,0,,0
9128283L2,1,Order_278,2,100.062,10000000,0,,0
9128283L2,0,Order_279,2,99.625,10000000,0,,0
9128283L2,1,Order_280,2,100.672,10000000,0,,0
9128283L2,0,Order_281,2,99.2852,10000000,0,,0
9128283L2,1,Order_282,2,99.668,10000000,0,,0
9128283L2,0,Order_283,2,99.5352,10000000,0,,0
9128283L2,1,Order_284,2,99.8516,10000000,0,,0
9128283L2,0,Order_285,2,99.2031,10000000,0,,0
9128283L2,1,Order_286,2,100.812,10000000,0,,0
9128283L2,0,Order_287,2,100.754,10000000,0,,0
9128283L2,1,Order_288,2,99.4805,10000000,0,,0
9128283L2,0,Order_289,2,100.484,10000000,0,,0
9128283L2,1,Order_290,2,99.4648,10000000,0,,0
9128283L2,0,Order_291,2,99.9062,10000000,0,,0
9128283L2,1,Order_292,2,100.281,10000000,0,,0
9128283L2,0,Order_293,2,99.0547,10000000,0,,0
9128283L2,1,Order_294,2,99.5859,10000000,0,,0
9128283L2,0,Order_295,2,100.617,10000000,0,,0
9128283L2,1,Order_296,2,99.9453,10000000,0,,0
9128283L2,0,Order_297,2,99.9883,10000000,0,,0
9128283L2,1,Order_298,2,100.051,10000000,0,,0
9128283L2,0,Order_299,2,99.1328,10000000,0,,0
9128283L2,1,Order_300,2,100.961,10000000,0,,0
9128283L2,0,Order_301,2,99.9688,10000000,0,,0
9128283L2,1,Order_302,2,100.199,10000000,0,,0
9128283L2,0,Order_303,2,99.1406,10000000,0,,0
9128283L2,1,Order_304,2,99.5117,10000000,0,,0
9128283L2,0,Order_305,2,100.125,10000000,0,,0
9128283L2,1,Order_306,2,99.832,10000000,0,,0
9128283L2,0,Order_307,2,99.8633,10000000,0,,0
9128283L2,1,Order_308,2,100.117,10000000,0,,0
9128283L2,0,Order_309,2,99.8203,10000000,0,,0
9128283L2,1,Order_310,2,100.469,10000000,0,,0
9128283L2,0,Order_311,2,99.4531,10000000,0,,0
9128283L2,1,Order_312,2,99.9531,10000000,0,,0
9128283L2,0,Order_313,2,99.7383,10000000,0,,0
9128283L2,1,Order_314,2,99.3789,10000000,0,,0
9128283L2,0,Order_315,2,99.9648,10000000,0,,0
9128283L2,1,Order_316,2,99.1484,10000000,0,,0
9128283L2,0,Order_317,2,100.586,10000000,0,,0
9128283L2,1,Order_318,2,99.4414,10000000,0,,0
9128283L2,0,Order_319,2,99.2773,10000000,0,,0
9128283L2,1,Order_320,2,100.203,10000000,0,,0
9128283L2,0,Order_321,2,100.195,10000000,0,,0
9128283L2,1,Order_322,2,100.066,10000000,0,,0
9128283L2,0,Order_323,2,100.508,10000000,0,,0
9128283L2,1,Order_324,2,99.2773,10000000,0,,0
9128283L2,0,Order_325,2,100.418,10000000,0,,0
9128283L2,1,Order_326,2,99.1641,10000000,0,,0
9128283L2,0,Order_327,2,100.801,10000000,0,,0
9128283L2,1,Order_328,2,99.1289,10000000,0,,0
9128283L2,0,Order_329,2,99.9492,10000000,0,,0
9128283L2,1,Order_330,2,100.691,10000000,0,,0
9128283L2,0,Order_331,2,100.98,10000000,0,,0
9128283L2,1,Order_332,2,100.707,10000000,0,,0
9128283L2,0,Order_333,2,100.18,10000000,0,,0
9128283L2,1,Order_334,2,100.117,10000000,0,,0
912828M80,0,Order_335,2,99.7891,10000000,0,,0
912828M80,1,Order_336,2,99.2227,10000000,0,,0
912828M80,0,Order_337,2,100.242,10000000,0,,0
912828M80,1,Order_338,2,99.0156,10000000,0,,0
912828M80,0,Order_339,2,99.7305,10000000,0,,0
912828M80,1,Order_340,2,99.9922,10000000,0,,0
912828M80,0,Order_341,2,99.707,10000000,0,,0
912828M80,1,Order_342,2,99.4609,10000000,0,,0
912828M80,0,Order_343,2,99.4766,10000000,0,,0
912828M80,1,Order_344,2,99.8906,10000000,0,,0
912828M80,0,Order_345,2,100.074,10000000,0,,0
912828M80,1,Order_346,2,100.305,10000000,0,,0
912828M80,0,Order_347,2,100.621,10000000,0,,0
912828M80,1,Order_348,2,99.418,10000000,0,,0
912828M80,0,Order_349,2,100.176,10000000,0,,0
912828M80,1,Order_350,2,100.684,10000000,0,,0
912828M80,0,Order_351,2,99.9609,10000000,0,,0
912828M80,1,Order_352,2,99.0859,10000000,0,,0
912828M80,0,Order_353,2,100.504,10000000,0,,0
912828M80,1,Order_354,2,100.398,10000000,0,,0
912828M80,0,Order_355,2,100.285,10000000,0,,0
912828M80,1,Order_356,2,100.82,10000000,0,,0
912828M80,0,Order_357,2,100.961,10000000,0,,0
912828M80,1,Order_358,2,100.059,10000000,0,,0
912828M80,0,Order_359,2,100.699,10000000,0,,0
912828M80,1,Order_360,2,99.8867,10000000,0,,0
912828M80,0,Order_361,2,99.7891,10000000,0,,0
912828M80,1,Order_362,2,100.914,10000000,0,,0
912828M80,0,Order_363,2,100.648,10000000,0,,0
912828M80,1,Order_364,2,100.004,10000000,0,,0
912828M80,0,Order_365,2,99.3359,10000000,0,,0
912828M80,1,Order_366,2,99.6211,10000000,0,,0
912828M80,0,Order_367,2,100.676,10000000,0,,0
912828M80,1,Order_368,2,100.184,10000000,0,,0
912828M80,0,Order_369,2,99.2148,10000000,0,,0
912828M80,1,Order_370,2,100.875,10000000,0,,0
912828M80,0,Order_371,2,99.3438,10000000,0,,0
912828M80,1,Order_372,2,99.8711,10000000,0,,0
912828M80,0,Order_373,2,100.113,10000000,0,,0
912828M80,1,Order_374,2,99.4648,10000000,0,,0
912828M80,0,Order_375,2,100.27,10000000,0,,0
912828M80,1,Order_376,2,100.25,10000000,0,,0
912828M80,0,Order_377,2,99.7812,10000000,0,,0
912828M80,1,Order_378,2,100.832,10000000,0,,0
912828M80,0,Order_379,2,99.1367,10000000,0,,0
912828M80,1,Order_380,2,100.805,10000000,0,,0
912828M80,0,Order_381,2,100.059,10000000,0,,0
912828M80,1,Order_382,2,99.582,10000000,0,,0
912828M80,0,Order_383,2,100.348,10000000,0,,0
912828M80,1,Order_384,2,99.8242,10000000,0,,0
912828M80,0,Order_385,2,99.3516,10000000,0,,0
912828M80,1,Order_386,2,100.57,10000000,0,,0
912828M80,0,Order_387,2,100.941,10000000,0,,0
912828M80,1,Order_388,2,100.574,10000000,0,,0
912828M80,0,Order_389,2,99.4141,10000000,0,,0
912828M80,1,Order_390,2,100.828,10000000,0,,0
912828M80,0,Order_391,2,100.473,10000000,0,,0
912828M80,1,Order_392,2,100.617,10000000,0,,0
912828M80,0,Order_393,2,100.805,10000000,0,,0
912828M80,1,Order_394,2,101.004,10000000,0,,0
912828M80,0,Order_395,2,99.9297,10000000,0,,0
912828M80,1,Order_396,2,99.082,10000000,0,,0
912828M80,0,Order_397,2,99.8672,10000000,0,,0
912828M80,1,Order_398,2,100.668,10000000,0,,0
912828M80,0,Order_399,2,99.8477,10000000,0,,0
912828M80,1,Order_400,2,99.5508,10000000,0,,0
912828M80,0,Order_401,2,99.8594,10000000,0,,0
912828M80,1,Order_402,2,99.3281,10000000,0,,0
912828M80,0,Order_403,2,100.273,10000000,0,,0
912828M80,1,Order_404,2,99.1523,10000000,0,,0
912828M80,0,Order_405,2,99.3828,10000000,0,,0
912828M80,1,Order_406,2,99.4258,10000000,0,,0
912828M80,0,Order_407,2,100.324,10000000,0,,0
912828M80,1,Order_408,2,100.629,10000000,0,,0
912828M80,0,Order_409,2,99.6797,10000000,0,,0
912828M80,1,Order_410,2,100.273,10000000,0,,0
912828M80,0,Order_411,2,100.695,10000000,0,,0
912828M80,1,Order_412,2,100.09,10000000,0,,0
912828M80,0,Order_413,2,99.2188,10000000,0,,0
912828M80,1,Order_414,2,99.9062,10000000,0,,0
912828M80,0,Order_415,2,99.1562,10000000,0,,0
912828M80,1,Order_416,2,100.105,10000000,0,,0
912828M80,0,Order_417,2,99.8438,10000000,0,,0
912828M80,1,Order_418,2,100.648,10000000,0,,0
912828M80,0,Order_419,2,99.9336,10000000,0,,0
912828M80,1,Order_420,2,99.8438,10000000,0,,0
912828M80,0,Order_421,2,100.18,10000000,0,,0
912828M80,1,Order_422,2,100.633,10000000,0,,0
912828M80,0,Order_423,2,99.3438,10000000,0,,0
912828M80,1,Order_424,2,100.68,10000000,0,,0
912828M80,0,Order_425,2,99.1016,10000000,0,,0
912828M80,1,Order_426,2,100.078,10000000,0,,0
912828M80,0,Order_427,2,100.625,10000000,0,,0
912828M80,1,Order_428,2,99.5234,10000000,0,,0
912828M80,0,Order_429,2,99.7188,10000000,0,,0
912828M80,1,Order_430,2,100.355,10000000,0,,0
912828M80,0,Order_431,2,100.5,10000000,0,,0
912828M80,1,Order_432,2,100.992,10000000,0,,0
912828M80,0,Order_433,2,100.848,10000000,0,,0
912828M80,1,Order_434,2,99.0156,10000000,0,,0
912828M80,0,Order_435,2,99.4375,10000000,0,,0
912828M80,1,Order_436,2,99.0625,10000000,0,,0
912828M80,0,Order_437,2,99.4844,10000000,0,,0
912828M80,1,Order_438,2,100.289,10000000,0,,0
912828M80,0,Order_439,2,99.5117,10000000,0,,0
912828M80,1,Order_440,2,99.9922,10000000,0,,0
912828M80,0,Order_441,2,99.9102,10000000,0,,0
912828M80,1,Order_442,2,100.883,10000000,0,,0
912828M80,0,Order_443,2,100.598,10000000,0,,0
912828M80,1,Order_444,2,99.7109,10000000,0,,0
912828M80,0,Order_445,2,99.543,10000000,0,,0
912828M80,1,Order_446,2,99.2422,10000000,0,,0
912828M80,0,Order_447,2,99.7305,10000000,0,,0
912828M80,1,Order_448,2,99.3711,10000000,0,,0
912828M80,0,Order_449,2,99.2344,10000000,0,,0
912828M80,1,Order_450,2,100.688,10000000,0,,0
912828M80,0,Order_451,2,99.1641,10000000,0,,0
912828M80,1,Order_452,2,100.07,10000000,0,,0
912828M80,0,Order_453,2,100.77,10000000,0,,0
912828M80,1,Order_454,2,100.695,10000000,0,,0
912828M80,0,Order_455,2,100.832,10000000,0,,0
912828M80,1,Order_456,2,100.461,10000000,0,,0
912828M80,0,Order_457,2,99.9688,10000000,0,,0
912828M80,1,Order_458,2,99.0898,10000000,0,,0
912828M80,0,Order_459,2,99.0352,10000000,0,,0
912828M80,1,Order_460,2,100.699,10000000,0,,0
912828M80,0,Order_461,2,100.09,10000000,0,,0
912828M80,1,Order_462,2,100.07,10000000,0,,0
912828M80,0,Order_463,2,99.5781,10000000,0,,0
912828M80,1,Order_464,2,99.1562,10000000,0,,0
912828M80,0,Order_465,2,99.2578,10000000,0,,0
912828M80,1,Order_466,2,99.7773,10000000,0,,0
912828M80,0,Order_467,2,100.312,10000000,0,,0
912828M80,1,Order_468,2,100.844,10000000,0,,0
912828M80,0,Order_469,2,99.2227,10000000,0,,0
912828M80,1,Order_470,2,99.3672,10000000,0,,0
912828M80,0,Order_471,2,100.363,10000000,0,,0
912828M80,1,Order_472,2,99.7695,10000000,0,,0
912828M80,0,Order_473,2,100.715,10000000,0,,0
912828M80,1,Order_474,2,99.8047,10000000,0,,0
912828M80,0,Order_475,2,99.2891,10000000,0,,0
912828M80,1,Order_476,2,100.152,10000000,0,,0
912828M80,0,Order_477,2,99.1094,10000000,0,,0
912828M80,1,Order_478,2,99.0117,10000000,0,,0
912828M80,0,Order_479,2,99.5469,10000000,0,,0
912828M80,1,Order_480,2,100.438,10000000,0,,0
912828M80,0,Order_481,2,99.4258,10000000,0,,0
912828M80,1,Order_482,2,99.25,10000000,0,,0
912828M80,0,Order_483,2,100.57,10000000,0,,0
912828M80,1,Order_484,2,101,10000000,0,,0
912828M80,0,Order_485,2,99.9023,10000000,0,,0
912828M80,1,Order_486,2,99.7891,10000000,0,,0
912828M80,0,Order_487,2,100.977,10000000,0,,0
912828M80,1,Order_488,2,99.7578,10000000,0,,0
912828M80,0,Order_489,2,99.7461,10000000,0,,0
912828M80,1,Order_490,2,99.2852,10000000,0,,0
912828M80,0,Order_491,2,100.047,10000000,0,,0
912828M80,1,Order_492,2,100.027,10000000,0,,0
912828M80,0,Order_493,2,99.6875,10000000,0,,0
912828M80,1,Order_494,2,100.082,10000000,0,,0
912828M80,0,Order_495,2,100.441,10000000,0,,0
912828M80,1,Order_496,2,100.016,10000000,0,,0
912828M80,0,Order_497,2,99.3945,10000000,0,,0
912828M80,1,Order_498,2,99.3281,10000000,0,,0
912828M80,0,Order_499,2,99.0039,10000000,0,,0
912828M80,1,Order_500,2,100.172,10000000,0,,0
9128283J7,0,Order_501,2,100.062,10000000,0,,0
9128283J7,1,Order_502,2,100.438,10000000,0,,0
9128283J7,0,Order_503,2,99.7578,10000000,0,,0
9128283J7,1,Order_504,2,100.453,10000000,0,,0
9128283J7,0,Order_505,2,99.1562,10000000,0,,0
9128283J7,1,Order_506,2,99.9102,10000000,0,,0
9128283J7,0,Order_507,2,99.0391,10000000,0,,0
9128283J7,1,Order_508,2,100.715,10000000,0,,0
9128283J7,0,Order_509,2,100.039,10000000,0,,0
9128283J7,1,Order_510,2,99.293,10000000,0,,0
9128283J7,0,Order_511,2,99.6406,10000000,0,,0
9128283J7,1,Order_512,2,99.1953,10000000,0,,0
9128283J7,0,Order_513,2,99.6484,10000000,0,,0
9128283J7,1,Order_514,2,100.859,10000000,0,,0
9128283J7,0,Order_515,2,100.98,10000000,0,,0
9128283J7,1,Order_516,2,100.852,10000000,0,,0
9128283J7,0,Order_517,2,100.707,10000000,0,,0
9128283J7,1,Order_518,2,100.406,10000000,0,,0
9128283J7,0,Order_519,2,100.398,10000000,0,,0
9128283J7,1,Order_520,2,99.9141,10000000,0,,0
9128283J7,0,Order_521,2,99.8555,10000000,0,,0
9128283J7,1,Order_522,2,99.375,10000000,0,,0
9128283J7,0,Order_523,2,100.641,10000000,0,,0
9128283J7,1,Order_524,2,99.0234,10000000,0,,0
9128283J7,0,Order_525,2,100.961,10000000,0,,0
9128283J7,1,Order_526,2,99.8789,10000000,0,,0
9128283J7,0,Order_527,2,100.93,10000000,0,,0
9128283J7,1,Order_528,2,99.4609,10000000,0,,0
9128283J7,0,Order_529,2,99.1211,10000000,0,,0
9128283J7,1,Order_530,2,100.258,10000000,0,,0
9128283J7,0,Order_531,2,99.2227,10000000,0,,0
9128283J7,1,Order_532,2,99.1328,10000000,0,,0
9128283J7,0,Order_533,2,100.508,10000000,0,,0
9128283J7,1,Order_534,2,100.184,10000000,0,,0
9128283J7,0,Order_535,2,99.5469,10000000,0,,0
9128283J7,1,Order_536,2,100.535,10000000,0,,0
9128283J7,0,Order_537,2,100.078,10000000,0,,0
9128283J7,1,Order_538,2,100.777,10000000,0,,0
9128283J7,0,Order_539,2,100.406,10000000,0,,0
9128283J7,1,Order_540,2,100.047,10000000,0,,0
9128283J7,0,Order_541,2,100.602,10000000,0,,0
9128283J7,1,Order_542,2,100.449,10000000,0,,0
9128283J7,0,Order_543,2,99.6016,10000000,0,,0
9128283J7,1,Order_544,2,100.402,10000000,0,,0
9128283J7,0,Order_545,2,99.4727,10000000,0,,0
9128283J7,1,Order_546,2,100.219,10000000,0,,0
9128283J7,0,Order_547,2,100.305,10000000,0,,0
9128283J7,1,Order_548,2,100.379,10000000,0,,0
9128283J7,0,Order_549,2,99.6562,10000000,0,,0
9128283J7,1,Order_550,2,99.957,10000000,0,,0
9128283J7,0,Order_551,2,100.203,10000000,0,,0
9128283J7,1,Order_552,2,99.1914,10000000,0,,0
9128283J7,0,Order_553,2,99.5391,10000000,0,,0
9128283J7,1,Order_554,2,100.715,10000000,0,,0
9128283J7,0,Order_555,2,99.9062,10000000,0,,0
9128283J7,1,Order_556,2,100.699,10000000,0,,0
9128283J7,0,Order_557,2,100.465,10000000,0,,0
9128283J7,1,Order_558,2,99.3438,10000000,0,,0
9128283J7,0,Order_559,2,99.6016,10000000,0,,0
9128283J7,1,Order_560,2,99.3086,10000000,0,,0
9128283J7,0,Order_561,2,99.3438,10000000,0,,0
9128283J7,1,Order_562,2,99.2617,10000000,0,,0
9128283J7,0,Order_563,2,100.305,10000000,0,,0
9128283J7,1,Order_564,2,100.73,10000000,0,,0
9128283J7,0,Order_565,2,99.332,10000000,0,,0
9128283J7,1,Order_566,2,100.434,10000000,0,,0
9128283J7,0,Order_567,2,100.059,10000000,0,,0
9128283J7,1,Order_568,2,100.91,10000000,0,,0
9128283J7,0,Order_569,2,100.051,10000000,0,,0
9128283J7,1,Order_570,2,100.641,10000000,0,,0
9128283J7,0,Order_571,2,100.945,10000000,0,,0
9128283J7,1,Order_572,2,99.1523,10000000,0,,0
9128283J7,0,Order_573,2,100.898,10000000,0,,0
9128283J7,1,Order_574,2,99.8359,10000000,0,,0
9128283J7,0,Order_575,2,99.7734,10000000,0,,0
9128283J7,1,Order_576,2,99.8594,10000000,0,,0
9128283J7,0,Order_577,2,99.3047,10000000,0,,0
9128283J7,1,Order_578,2,100.113,10000000,0,,0
9128283J7,0,Order_579,2,99.4961,10000000,0,,0
9128283J7,1,Order_580,2,100.461,10000000,0,,0
9128283J7,0,Order_581,2,100.035,10000000,0,,0
9128283J7,1,Order_582,2,100.238,10000000,0,,0
9128283J7,0,Order_583,2,99.5234,10000000,0,,0
9128283J7,1,Order_584,2,99.293,10000000,0,,0
9128283J7,0,Order_585,2,99.0859,10000000,0,,0
9128283J7,1,Order_586,2,100.324,10000000,0,,0
9128283J7,0,Order_587,2,100.215,10000000,0,,0
9128283J7,1,Order_588,2,99.0586,10000000,0,,0
9128283J7,0,Order_589,2,100.984,10000000,0,,0
9128283J7,1,Order_590,2,99.8203,10000000,0,,0
9128283J7,0,Order_591,2,100.637,10000000,0,,0
9128283J7,1,Order_592,2,100.34,10000000,0,,0
9128283J7,0,Order_593,2,100.234,10000000,0,,0
9128283J7,1,Order_594,2,99.2148,10000000,0,,0
9128283J7,0,Order_595,2,99.6172,10000000,0,,0
9128283J7,1,Order_596,2,100.656,10000000,0,,0
9128283J7,0,Order_597,2,99.2891,10000000,0,,0
9128283J7,1,Order_598,2,99.4062,10000000,0,,0
9128283J7,0,Order_599,2,99.3711,10000000,0,,0
9128283J7,1,Order_600,2,99.4219,10000000,0,,0
9128283J7,0,Order_601,2,99.4766,10000000,0,,0
9128283J7,1,Order_602,2,99.0625,10000000,0,,0
9128283J7,0,Order_603,2,99.4453,10000000,0,,0
9128283J7,1,Order_604,2,100.805,10000000,0,,0
9128283J7,0,Order_605,2,99.3633,10000000,0,,0
9128283J7,1,Order_606,2,99.7891,10000000,0,,0
9128283J7,0,Order_607,2,99.3398,10000000,0,,0
9128283J7,1,Order_608,2,100.941,10000000,0,,0
9128283J7,0,Order_609,2,100.367,10000000,0,,0
9128283J7,1,Order_610,2,100.125,10000000,0,,0
9128283J7,0,Order_611,2,100.766,10000000,0,,0
9128283J7,1,Order_612,2,100.402,10000000,0,,0
9128283J7,0,Order_613,2,100.734,10000000,0,,0
9128283J7,1,Order_614,2,100.734,10000000,0,,0
9128283J7,0,Order_615,2,100.168,10000000,0,,0
9128283J7,1,Order_616,2,100.758,10000000,0,,0
9128283J7,0,Order_617,2,100.117,10000000,0,,0
9128283J7,1,Order_618,2,99.8398,10000000,0,,0
9128283J7,0,Order_619,2,100.855,10000000,0,,0
9128283J7,1,Order_620,2,100.168,10000000,0,,0
9128283J7,0,Order_621,2,100.363,10000000,0,,0
9128283J7,1,Order_622,2,99.457,10000000,0,,0
9128283J7,0,Order_623,2,99.9297,10000000,0,,0
9128283J7,1,Order_624,2,99.5117,10000000,0,,0
9128283J7,0,Order_625,2,100.52,10000000,0,,0
9128283J7,1,Order_626,2,100.086,10000000,0,,0
9128283J7,0,Order_627,2,100.77,10000000,0,,0
9128283J7,1,Order_628,2,100.652,10000000,0,,0
9128283J7,0,Order_629,2,99.4414,10000000,0,,0
9128283J7,1,Order_630,2,99.1914,10000000,0,,0
9128283J7,0,Order_631,2,99.1367,10000000,0,,0
9128283J7,1,Order_632,2,99.4883,10000000,0,,0
9128283J7,0,Order_633,2,99.3203,10000000,0,,0
9128283J7,1,Order_634,2,100.344,10000000,0,,0
9128283J7,0,Order_635,2,99.8164,10000000,0,,0
9128283J7,1,Order_636,2,99.9727,10000000,0,,0
9128283J7,0,Order_637,2,99.1133,10000000,0,,0
9128283J7,1,Order_638,2,99.2891,10000000,0,,0
9128283J7,0,Order_639,2,100.156,10000000,0,,0
9128283J7,1,Order_640,2,99.9219,10000000,0,,0
9128283J7,0,Order_641,2,99.1016,10000000,0,,0
9128283J7,1,Order_642,2,100.566,10000000,0,,0
9128283J7,0,Order_643,2,99.6367,10000000,0,,0
9128283J7,1,Order_644,2,100.801,10000000,0,,0
9128283J7,0,Order_645,2,100.039,10000000,0,,0
9128283J7,1,Order_646,2,99.0859,10000000,0,,0
9128283J7,0,Order_647,2,100.805,10000000,0,,0
9128283J7,1,Order_648,2,100.07,10000000,0,,0
9128283J7,0,Order_649,2,99.6328,10000000,0,,0
9128283J7,1,Order_650,2,100.031,10000000,0,,0
9128283J7,0,Order_651,2,100.754,10000000,0,,0
9128283J7,1,Order_652,2,99.1719,10000000,0,,0
9128283J7,0,Order_653,2,99.4414,10000000,0,,0
9128283J7,1,Order_654,2,100.668,10000000,0,,0
9128283J7,0,Order_655,2,99.6445,10000000,0,,0
9128283J7,1,Order_656,2,99.1758,10000000,0,,0
9128283J7,0,Order_657,2,99.4883,10000000,0,,0
9128283J7,1,Order_658,2,100.188,10000000,0,,0
9128283J7,0,Order_659,2,100.852,10000000,0,,0
9128283J7,1,Order_660,2,100.898,10000000,0,,0
9128283J7,0,Order_661,2,99.7773,10000000,0,,0
9128283J7,1,Order_662,2,99.6562,10000000,0,,0
9128283J7,0,Order_663,2,100.199,10000000,0,,0
9128283J7,1,Order_664,2,100.16,10000000,0,,0
9128283J7,0,Order_665,2,100.691,10000000,0,,0
9128283J7,1,Order_666,2,99.4727,10000000,0,,0
9128283J7,0,Order_667,2,100.848,10000000,0,,0
9128283F5,1,Order_668,2,99.6289,10000000,0,,0
9128283F5,0,Order_669,2,100.773,10000000,0,,0
9128283F5,1,Order_670,2,100.277,10000000,0,,0
9128283F5,0,Order_671,2,99.5625,10000000,0,,0
9128283F5,1,Order_672,2,100.914,10000000,0,,0
9128283F5,0,Order_673,2,100.02,10000000,0,,0
9128283F5,1,Order_674,2,99.8828,10000000,0,,0
9128283F5,0,Order_675,2,99.4336,10000000,0,,0
9128283F5,1,Order_676,2,99.5859,10000000,0,,0
9128283F5,0,Order_677,2,99.4141,10000000,0,,0
9128283F5,1,Order_678,2,100.254,10000000,0,,0
9128283F5,0,Order_679,2,99.2656,10000000,0,,0
9128283F5,1,Order_680,2,100.973,10000000,0,,0
9128283F5,0,Order_681,2,100.93,10000000,0,,0
9128283F5,1,Order_682,2,100.297,10000000,0,,0
9128283F5,0,Order_683,2,100.242,10000000,0,,0
9128283F5,1,Order_684,2,100.863,10000000,0,,0
9128283F5,0,Order_685,2,100.93,10000000,0,,0
9128283F5,1,Order_686,2,99.3906,10000000,0,,0
9128283F5,0,Order_687,2,99.2617,10000000,0,,0
9128283F5,1,Order_688,2,99.5078,10000000,0,,0
9128283F5,0,Order_689,2,99.125,10000000,0,,0
9128283F5,1,Order_690,2,99.8867,10000000,0,,0
9128283F5,0,Order_691,2,100.199,10000000,0,,0
9128283F5,1,Order_692,2,99.8359,10000000,0,,0
9128283F5,0,Order_693,2,100.336,10000000,0,,0
9128283F5,1,Order_694,2,100.254,10000000,0,,0
9128283F5,0,Order_695,2,100.445,10000000,0,,0
9128283F5,1,Order_696,2,100.758,10000000,0,,0
9128283F5,0,Order_697,2,99.5625,10000000,0,,0
9128283F5,1,Order_698,2,99.2812,10000000,0,,0
9128283F5,0,Order_699,2,99.5547,10000000,0,,0
9128283F5,1,Order_700,2,100.578,10000000,0,,0
9128283F5,0,Order_701,2,99.3594,10000000,0,,0
9128283F5,1,Order_702,2,100.023,10000000,0,,0
9128283F5,0,Order_703,2,100.879,10000000,0,,0
9128283F5,1,Order_704,2,99.043,10000000,0,,0
9128283F5,0,Order_705,2,99.5938,10000000,0,,0
9128283F5,1,Order_706,2,99.9414,10000000,0,,0
9128283F5,0,Order_707,2,99.2969,10000000,0,,0
9128283F5,1,Order_708,2,99.1875,10000000,0,,0
9128283F5,0,Order_709,2,99.2969,10000000,0,,0
9128283F5,1,Order_710,2,99.9492,10000000,0,,0
9128283F5,0,Order_711,2,100.234,10000000,0,,0
9128283F5,1,Order_712,2,100.992,10000000,0,,0
9128283F5,0,Order_713,2,99.668,10000000,0,,0
9128283F5,1,Order_714,2,100.203,10000000,0,,0
9128283F5,0,Order_715,2,99.3516,10000000,0,,0
9128283F5,1,Order_716,2,100.645,10000000,0,,0
9128283F5,0,Order_717,2,98.9961,10000000,0,,0
9128283F5,1,Order_718,2,99.1797,10000000,0,,0
9128283F5,0,Order_719,2,99.9648,10000000,0,,0
9128283F5,1,Order_720,2,99.3867,10000000,0,,0
9128283F5,0,Order_721,2,99.4062,10000000,0,,0
9128283F5,1,Order_722,2,99.4609,10000000,0,,0
9128283F5,0,Order_723,2,100.078,10000000,0,,0
9128283F5,1,Order_724,2,100.617,10000000,0,,0
9128283F5,0,Order_725,2,99.6055,10000000,0,,0
9128283F5,1,Order_726,2,100.328,10000000,0,,0
9128283F5,0,Order_727,2,99.2617,10000000,0,,0
9128283F5,1,Order_728,2,100.062,10000000,0,,0
9128283F5,0,Order_729,2,100.594,10000000,0,,0
9128283F5,1,Order_730,2,100.941,10000000,0,,0
9128283F5,0,Order_731,2,99.1016,10000000,0,,0
9128283F5,1,Order_732,2,99.707,10000000,0,,0
9128283F5,0,Order_733,2,100.875,10000000,0,,0
9128283F5,1,Order_734,2,99.3086,10000000,0,,0
9128283F5,0,Order_735,2,100.988,10000000,0,,0
9128283F5,1,Order_736,2,100.238,10000000,0,,0
9128283F5,0,Order_737,2,99.2617,10000000,0,,0
9128283F5,1,Order_738,2,100.422,10000000,0,,0
9128283F5,0,Order_739,2,99.4023,10000000,0,,0
9128283F5,1,Order_740,2,99.4297,10000000,0,,0
9128283F5,0,Order_741,2,100.734,10000000,0,,0
9128283F5,1,Order_742,2,100.793,10000000,0,,0
9128283F5,0,Order_743,2,100.445,10000000,0,,0
9128283F5,1,Order_744,2,100.84,10000000,0,,0
9128283F5,0,Order_745,2,100.605,10000000,0,,0
9128283F5,1,Order_746,2,99.0469,10000000,0,,0
9128283F5,0,Order_747,2,100.016,10000000,0,,0
9128283F5,1,Order_748,2,99.4688,10000000,0,,0
9128283F5,0,Order_749,2,99.3438,10000000,0,,0
9128283F5,1,Order_750,2,99.0469,10000000,0,,0
9128283F5,0,Order_751,2,100.629,10000000,0,,0
9128283F5,1,Order_752,2,99.7812,10000000,0,,0
9128283F5,0,Order_753,2,99.5664,10000000,0,,0
9128283F5,1,Order_754,2,100.508,10000000,0,,0
9128283F5,0,Order_755,2,99.5352,10000000,0,,0
9128283F5,1,Order_756,2,99.8594,10000000,0,,0
9128283F5,0,Order_757,2,100.223,10000000,0,,0
9128283F5,1,Order_758,2,99.2109,10000000,0,,0
9128283F5,0,Order_759,2,100.504,10000000,0,,0
9128283F5,1,Order_760,2,99.5625,10000000,0,,0
9128283F5,0,Order_761,2,100.426,10000000,0,,0
9128283F5,1,Order_762,2,99.8359,10000000,0,,0
9128283F5,0,Order_763,2,100.82,10000000,0,,0
9128283F5,1,Order_764,2,99.3047,10000000,0,,0
9128283F5,0,Order_765,2,100.641,10000000,0,,0
9128283F5,1,Order_766,2,99.8359,10000000,0,,0
9128283F5,0,Order_767,2,99.8477,10000000,0,,0
9128283F5,1,Order_768,2,99.6016,10000000,0,,0
9128283F5,0,Order_769,2,100.164,10000000,0,,0
9128283F5,1,Order_770,2,100.203,10000000,0,,0
9128283F5,0,Order_771,2,99.9883,10000000,0,,0
9128283F5,1,Order_772,2,100.855,10000000,0,,0
9128283F5,0,Order_773,2,100.348,10000000,0,,0
9128283F5,1,Order_774,2,100.191,10000000,0,,0
9128283F5,0,Order_775,2,99.9492,10000000,0,,0
9128283F5,1,Order_776,2,99.4766,10000000,0,,0
9128283F5,0,Order_777,2,100.941,10000000,0,,0
9128283F5,1,Order_778,2,100.438,10000000,0,,0
9128283F5,0,Order_779,2,100.207,10000000,0,,0
9128283F5,1,Order_780,2,99.0938,10000000,0,,0
9128283F5,0,Order_781,2,100.566,10000000,0,,0
9128283F5,1,Order_782,2,99.0508,10000000,0,,0
9128283F5,0,Order_783,2,99.4492,10000000,0,,0
9128283F5,1,Order_784,2,100.887,10000000,0,,0
9128283F5,0,Order_785,2,100.066,10000000,0,,0
9128283F5,1,Order_786,2,99.6992,10000000,0,,0
9128283F5,0,Order_787,2,99.2539,10000000,0,,0
9128283F5,1,Order_788,2,99.6797,10000000,0,,0
9128283F5,0,Order_789,2,99.8047,10000000,0,,0
9128283F5,1,Order_790,2,99.1094,10000000,0,,0
9128283F5,0,Order_791,2,99.5547,10000000,0,,0
9128283F5,1,Order_792,2,100.312,10000000,0,,0
9128283F5,0,Order_793,2,99.918,10000000,0,,0
9128283F5,1,Order_794,2,99.1406,10000000,0,,0
9128283F5,0,Order_795,2,99.2969,10000000,0,,0
9128283F5,1,Order_796,2,100.102,10000000,0,,0
9128283F5,0,Order_797,2,100.258,10000000,0,,0
9128283F5,1,Order_798,2,99.7734,10000000,0,,0
9128283F5,0,Order_799,2,99.9102,10000000,0,,0
9128283F5,1,Order_800,2,99.8633,10000000,0,,0
9128283F5,0,Order_801,2,99.1133,10000000,0,,0
9128283F5,1,Order_802,2,100.285,10000000,0,,0
9128283F5,0,Order_803,2,100.559,10000000,0,,0
9128283F5,1,Order_804,2,100.41,10000000,0,,0
9128283F5,0,Order_805,2,99.6133,10000000,0,,0
9128283F5,1,Order_806,2,100.32,10000000,0,,0
9128283F5,0,Order_807,2,99.1836,10000000,0,,0
9128283F5,1,Order_808,2,99.4609,10000000,0,,0
9128283F5,0,Order_809,2,100.629,10000000,0,,0
9128283F5,1,Order_810,2,99.3477,10000000,0,,0
9128283F5,0,Order_811,2,99.8242,10000000,0,,0
9128283F5,1,Order_812,2,99.2148,10000000,0,,0
9128283F5,0,Order_813,2,100.48,10000000,0,,0
9128283F5,1,Order_814,2,99.6289,10000000,0,,0
9128283F5,0,Order_815,2,100.742,10000000,0,,0
9128283F5,1,Order_816,2,100.094,10000000,0,,0
9128283F5,0,Order_817,2,99.2188,10000000,0,,0
9128283F5,1,Order_818,2,99.4375,10000000,0,,0
9128283F5,0,Order_819,2,99.2109,10000000,0,,0
9128283F5,1,Order_820,2,100.273,10000000,0,,0
9128283F5,0,Order_821,2,99.8789,10000000,0,,0
9128283F5,1,Order_822,2,100.883,10000000,0,,0
9128283F5,0,Order_823,2,99.832,10000000,0,,0
9128283F5,1,Order_824,2,100.164,10000000,0,,0
9128283F5,0,Order_825,2,100.062,10000000,0,,0
9128283F5,1,Order_826,2,99.9648,10000000,0,,0
9128283F5,0,Order_827,2,100.121,10000000,0,,0
9128283F5,1,Order_828,2,99.9258,10000000,0,,0
9128283F5,0,Order_829,2,100.668,10000000,0,,0
9128283F5,1,Order_830,2,100.559,10000000,0,,0
9128283F5,0,Order_831,2,99.7969,10000000,0,,0
9128283F5,1,Order_832,2,100.664,10000000,0,,0
9128283F5,0,Order_833,2,99.1641,10000000,0,,0
9128283F5,1,Order_834,2,99.6328,10000000,0,,0
912810RZ3,0,Order_835,2,99.4297,10000000,0,,0
912810RZ3,1,Order_836,2,100.699,10000000,0,,0
912810RZ3,0,Order_837,2,99.6133,10000000,0,,0
912810RZ3,1,Order_838,2,99.8281,10000000,0,,0
912810RZ3,0,Order_839,2,100.457,10000000,0,,0
912810RZ3,1,Order_840,2,99.125,10000000,0,,0
912810RZ3,0,Order_841,2,99.3242,10000000,0,,0
912810RZ3,1,Order_842,2,100.875,10000000,0,,0
912810RZ3,0,Order_843,2,100.754,10000000,0,,0
912810RZ3,1,Order_844,2,99.5195,10000000,0,,0
912810RZ3,0,Order_845,2,99.1797,10000000,0,,0
912810RZ3,1,Order_846,2,100.262,10000000,0,,0
912810RZ3,0,Order_847,2,99.5703,10000000,0,,0
912810RZ3,1,Order_848,2,99.5898,10000000,0,,0
912810RZ3,0,Order_849,2,100.039,10000000,0,,0
912810RZ3,1,Order_850,2,99.5273,10000000,0,,0
912810RZ3,0,Order_851,2,99.082,10000000,0,,0
912810RZ3,1,Order_852,2,100.691,10000000,0,,0
912810RZ3,0,Order_853,2,99.8516,10000000,0,,0
912810RZ3,1,Order_854,2,100.578,10000000,0,,0
912810RZ3,0,Order_855,2,100.633,10000000,0,,0
912810RZ3,1,Order_856,2,100.102,10000000,0,,0
912810RZ3,0,Order_857,2,99.3047,10000000,0,,0
912810RZ3,1,Order_858,2,99.1641,10000000,0,,0
912810RZ3,0,Order_859,2,100.074,10000000,0,,0
912810RZ3,1,Order_860,2,99.6641,10000000,0,,0
912810RZ3,0,Order_861,2,100.84,10000000,0,,0
912810RZ3,1,Order_862,2,99.4258,10000000,0,,0
912810RZ3,0,Order_863,2,99.4062,10000000,0,,0
912810RZ3,1,Order_864,2,99.4141,10000000,0,,0
912810RZ3,0,Order_865,2,100.562,10000000,0,,0
912810RZ3,1,Order_866,2,99.4805,10000000,0,,0
912810RZ3,0,Order_867,2,100.898,10000000,0,,0
912810RZ3,1,Order_868,2,100.988,10000000,0,,0
912810RZ3,0,Order_869,2,99.6602,10000000,0,,0
912810RZ3,1,Order_870,2,100.562,10000000,0,,0
912810RZ3,0,Order_871,2,100.273,10000000,0,,0
912810RZ3,1,Order_872,2,100.82,10000000,0,,0
912810RZ3,0,Order_873,2,100.23,10000000,0,,0
912810RZ3,1,Order_874,2,99.9219,10000000,0,,0
912810RZ3,0,Order_875,2,99.3516,10000000,0,,0
912810RZ3,1,Order_876,2,100.312,10000000,0,,0
912810RZ3,0,Order_877,2,99.5781,10000000,0,,0
912810RZ3,1,Order_878,2,99.8945,10000000,0,,0
912810RZ3,0,Order_879,2,99.5781,10000000,0,,0
912810RZ3,1,Order_880,2,100.672,10000000,0,,0
912810RZ3,0,Order_881,2,99.1992,10000000,0,,0
912810RZ3,1,Order_882,2,100.555,10000000,0,,0
912810RZ3,0,Order_883,2,100.199,10000000,0,,0
912810RZ3,1,Order_884,2,100.293,10000000,0,,0
912810RZ3,0,Order_885,2,100.988,10000000,0,,0
912810RZ3,1,Order_886,2,100.391,10000000,0,,0
912810RZ3,0,Order_887,2,100.859,10000000,0,,0
912810RZ3,1,Order_888,2,100.957,10000000,0,,0
912810RZ3,0,Order_889,2,100.113,10000000,0,,0
912810RZ3,1,Order_890,2,100.859,10000000,0,,0
912810RZ3,0,Order_891,2,99.4492,10000000,0,,0
912810RZ3,1,Order_892,2,100.594,10000000,0,,0
912810RZ3,0,Order_893,2,99.2656,10000000,0,,0
912810RZ3,1,Order_894,2,99.1484,10000000,0,,0
912810RZ3,0,Order_895,2,100.75,10000000,0,,0
912810RZ3,1,Order_896,2,100.77,10000000,0,,0
912810RZ3,0,Order_897,2,100.613,10000000,0,,0
912810RZ3,1,Order_898,2,99.2617,10000000,0,,0
912810RZ3,0,Order_899,2,99.9023,10000000,0,,0
912810RZ3,1,Order_900,2,100.531,10000000,0,,0
912810RZ3,0,Order_901,2,100.82,10000000,0,,0
912810RZ3,1,Order_902,2,99.5859,10000000,0,,0
912810RZ3,0,Order_903,2,100.918,10000000,0,,0
912810RZ3,1,Order_904,2,100.078,10000000,0,,0
912810RZ3,0,Order_905,2,99.1133,10000000,0,,0
912810RZ3,1,Order_906,2,100.805,10000000,0,,0
912810RZ3,0,Order_907,2,100.074,10000000,0,,0
912810RZ3,1,Order_908,2,100.711,10000000,0,,0
912810RZ3,0,Order_909,2,99.2891,10000000,0,,0
912810RZ3,1,Order_910,2,100.883,10000000,0,,0
912810RZ3,0,Order_911,2,99.6797,10000000,0,,0
912810RZ3,1,Order_912,2,99.375,10000000,0,,0
912810RZ3,0,Order_913,2,99.0664,10000000,0,,0
912810RZ3,1,Order_914,2,100.387,10000000,0,,0
912810RZ3,0,Order_915,2,100.93,10000000,0,,0
912810RZ3,1,Order_916,2,99.2344,10000000,0,,0
912810RZ3,0,Order_917,2,100.117,10000000,0,,0
912810RZ3,1,Order_918,2,100.566,10000000,0,,0
912810RZ3,0,Order_919,2,99.2227,10000000,0,,0
912810RZ3,1,Order_920,2,100.062,10000000,0,,0
912810RZ3,0,Order_921,2,100.387,10000000,0,,0
912810RZ3,1,Order_922,2,99.5469,10000000,0,,0
912810RZ3,0,Order_923,2,99.0703,10000000,0,,0
912810RZ3,1,Order_924,2,99.6797,10000000,0,,0
912810RZ3,0,Order_925,2,99.2695,10000000,0,,0
912810RZ3,1,Order_926,2,100.062,10000000,0,,0
912810RZ3,0,Order_927,2,99.1641,10000000,0,,0
912810RZ3,1,Order_928,2,99.5547,10000000,0,,0
912810RZ3,0,Order_929,2,100.84,10000000,0,,0
912810RZ3,1,Order_930,2,99.0352,10000000,0,,0
912810RZ3,0,Order_931,2,100.352,10000000,0,,0
912810RZ3,1,Order_932,2,100.914,10000000,0,,0
912810RZ3,0,Order_933,2,99.3398,10000000,0,,0
912810RZ3,1,Order_934,2,99.2227,10000000,0,,0
912810RZ3,0,Order_935,2,99.7031,10000000,0,,0
912810RZ3,1,Order_936,2,99.0195,10000000,0,,0
912810RZ3,0,Order_937,2,99.9688,10000000,0,,0
912810RZ3,1,Order_938,2,100.707,10000000,0,,0
912810RZ3,0,Order_939,2,100.004,10000000,0,,0
912810RZ3,1,Order_940,2,99.8984,10000000,0,,0
912810RZ3,0,Order_941,2,99.8633,10000000,0,,0
912810RZ3,1,Order_942,2,100.18,10000000,0,,0
912810RZ3,0,Order_943,2,99.4922,10000000,0,,0
912810RZ3,1,Order_944,2,99.832,10000000,0,,0
912810RZ3,0,Order_945,2,99.9531,10000000,0,,0
912810RZ3,1,Order_946,2,99.0312,10000000,0,,0
912810RZ3,0,Order_947,2,100.301,10000000,0,,0
912810RZ3,1,Order_948,2,99.6836,10000000,0,,0
912810RZ3,0,Order_949,2,99.5742,10000000,0,,0
912810RZ3,1,Order_950,2,100.883,10000000,0,,0
912810RZ3,0,Order_951,2,99.0469,10000000,0,,0
912810RZ3,1,Order_952,2,99.8945,10000000,0,,0
912810RZ3,0,Order_953,2,99.0938,10000000,0,,0
912810RZ3,1,Order_954,2,99.1836,10000000,0,,0
912810RZ3,0,Order_955,2,99.3711,10000000,0,,0
912810RZ3,1,Order_956,2,99.0078,10000000,0,,0
912810RZ3,0,Order_957,2,100.109,10000000,0,,0
912810RZ3,1,Order_958,2,99.0352,10000000,0,,0
912810RZ3,0,Order_959,2,100.562,10000000,0,,0
912810RZ3,1,Order_960,2,100.641,10000000,0,,0
912810RZ3,0,Order_961,2,100.711,10000000,0,,0
912810RZ3,1,Order_962,2,100.988,10000000,0,,0
912810RZ3,0,Order_963,2,100.477,10000000,0,,0
912810RZ3,1,Order_964,2,99.4531,10000000,0,,0
912810RZ3,0,Order_965,2,100.254,10000000,0,,0
912810RZ3,1,Order_966,2,100.988,10000000,0,,0
912810RZ3,0,Order_967,2,99.9688,10000000,0,,0
912810RZ3,1,Order_968,2,99.7539,10000000,0,,0
912810RZ3,0,Order_969,2,99.543,10000000,0,,0
912810RZ3,1,Order_970,2,100.48,10000000,0,,0
912810RZ3,0,Order_971,2,99.9297,10000000,0,,0
912810RZ3,1,Order_972,2,99.0469,10000000,0,,0
912810RZ3,0,Order_973,2,100.926,10000000,0,,0
912810RZ3,1,Order_974,2,100.777,10000000,0,,0
912810RZ3,0,Order_975,2,99.1484,10000000,0,,0
912810RZ3,1,Order_976,2,100.109,10000000,0,,0
912810RZ3,0,Order_977,2,99.4336,10000000,0,,0
912810RZ3,1,Order_978,2,100.07,10000000,0,,0
912810RZ3,0,Order_979,2,99.8203,10000000,0,,0
912810RZ3,1,Order_980,2,100.004,10000000,0,,0
912810RZ3,0,Order_981,2,99.3164,10000000,0,,0
912810RZ3,1,Order_982,2,100.398,10000000,0,,0
912810RZ3,0,Order_983,2,99.0312,10000000,0,,0
912810RZ3,1,Order_984,2,99.4883,10000000,0,,0
912810RZ3,0,Order_985,2,99.0391,10000000,0,,0
912810RZ3,1,Order_986,2,100.367,10000000,0,,0
912810RZ3,0,Order_987,2,99.5664,10000000,0,,0
912810RZ3,1,Order_988,2,99.793,10000000,0,,0
912810RZ3,0,Order_989,2,99.0234,10000000,0,,0
912810RZ3,1,Order_990,2,100.352,10000000,0,,0
912810RZ3,0,Order_991,2,100.598,10000000,0,,0
912810RZ3,1,Order_992,2,99.7539,10000000,0,,0
912810RZ3,0,Order_993,2,99.2383,10000000,0,,0
912810RZ3,1,Order_994,2,99.2812,10000000,0,,0
912810RZ3,0,Order_995,2,100.074,10000000,0,,0
912810RZ3,1,Order_996,2,100.168,10000000,0,,0
912810RZ3,0,Order_997,2,99.7734,10000000,0,,0
912810RZ3,1,Order_998,2,99.0117,10000000,0,,0
912810RZ3,0,Order_999,2,99.8203,10000000,0,,0
912810RZ3,1,Order_1000,2,99.2188,10000000,0,,0
